"CENTRE_CODE","CENTRE_NAME","COUNTRY_CODE","REGION_CODE","PAED_UNIT"
"11023",ROYAL BELFAST HOSPITAL FOR SICK CHILDREN,GB-NIR,Y,1
"2020",BELFAST CITY HOSPITAL,GB-NIR,Y,0
"24027",ANTRIM HOSPITAL,GB-NIR,Y,0
"33020",DAISY HILL HOSPITAL,GB-NIR,Y,0
"45020",Western Trust - Old,GB-NIR,Y,0
"45021",WESTERN TRUST,GB-NIR,Y,0
"48021",Dummy,GB-NIR,Y,0
"7021",ULSTER HOSPITAL,GB-NIR,Y,0
"99RCSLB",NOTTINGHAM CITY HOSPITAL - PAEDIATRIC,GB-ENG,E,1
"99RHM01",SOUTHAMPTON CHILDRENS HOSPITAL,GB-ENG,J,1
"99RQR13",ST JAMES'S UNIVERSITY HOSPITAL - PAEDIATRIC,GB-ENG,D,1
"99RTD01",GREAT NORTH CHILDRENS HOSPITAL,GB-ENG,A,1
BAPN,BAPN,BAPN,,1
RA723,BRISTOL ROYAL HOSPITAL FOR CHILDREN,GB-ENG,K,1
RAE05,ST LUKES HOSPITAL,GB-ENG,D,0
RAJ01,SOUTHEND HOSPITAL,GB-ENG,G,0
RAL01,ROYAL FREE & MIDDLESEX HOSPITAL,GB-ENG,H,0
RAQ01,LISTER HOSPITAL,GB-ENG,G,0
RAZ,ST HELIER HOSPITAL,GB-ENG,H,0
RBD01,DORSET COUNTY HOSPITAL,GB-ENG,K,0
RBL14,ARROWE PARK HOSPITAL,GB-ENG,B,0
RBS25,ROYAL LIVERPOOL CHILDRENS HOSPITAL,GB-ENG,B,1
RCB55,YORK DISTRICT GENERAL HOSPITAL,GB-ENG,D,0
RCJAT,JAMES COOK UNIVERSITY HOSPITAL,GB-ENG,A,0
RCSLB,NOTTINGHAM CITY HOSPITAL,GB-ENG,E,0
RDDH0,BASILDON HOSPITAL,GB-ENG,G,0
RDEE4,COLCHESTER GENERAL HOSPITAL,GB-ENG,G,0
REE01,SOUTHMEAD HOSPITAL,GB-ENG,K,0
REF12,ROYAL CORNWALL HOSPITAL (TRELISKE),GB-ENG,K,0
RF201,HULL ROYAL INFIRMARY,GB-ENG,D,0
RFBAK,LEICESTER GENERAL HOSPITAL,GB-ENG,E,0
RFPFG,ROYAL DERBY HOSPITAL,GB-ENG,E,0
RGQ02,IPSWICH HOSPITAL,GB-ENG,G,0
RGT01,ADDENBROOKES HOSPITAL,GB-ENG,G,0
RGU01,ROYAL SUSSEX COUNTY HOSPITAL,GB-ENG,J,0
RH641,GLOUCESTER ROYAL HOSPITAL,GB-ENG,K,0
RH8,ROYAL DEVON AND EXETER HOSPITAL (WONFORD),GB-ENG,K,0
RHM02,SOUTHAMPTON GENERAL HOSPITAL - PAEDIATRIC,GB-ENG,J,0
RHU02,QUEEN ALEXANDRA HOSPITAL,GB-ENG,J,0
RHW01,ROYAL BERKSHIRE HOSPITAL,GB-ENG,J,0
RJ121,GUY'S AND ST THOMAS'S HOSPITAL,GB-ENG,H,0
RJ122,EVELINA CHILDRENS HOSPITAL (GUYS),GB-ENG,H,1
RJ701,ST GEORGE'S HOSPITAL,GB-ENG,H,0
RJE01,UNIVERSITY HOSPITAL OF NORTH STAFFORDSHIRE,GB-ENG,F,0
RJZ,KING'S COLLEGE HOSPITAL,GB-ENG,H,0
RK7CC,NORTHERN GENERAL HOSPITAL,GB-ENG,B,0
RK950,DERRIFORD HOSPITAL,GB-ENG,K,0
RKB01,WALSGRAVE HOSPITAL,GB-ENG,F,0
RKGA1,YSBYTY GLAN CLWYD,GB-WLS,W,0
RKHA4,WREXHAM MAELOR HOSPITAL,GB-WLS,W,0
RL403,NEW CROSS HOSPITAL,GB-ENG,F,0
RL7,HEARTLANDS HOSPITAL,GB-ENG,A,0
RLGAY,CUMBERLAND INFIRMARY,GB-ENG,B,0
RLNGH,SUNDERLAND ROYAL HOSPITAL,GB-ENG,A,0
RLZ01,ROYAL SHREWSBURY HOSPITAL,GB-ENG,F,0
RM102,NORFOLK & NORWICH UNIVERSITY HOSPITAL,GB-ENG,G,0
RM301,SALFORD ROYAL,GB-ENG,B,0
RM574,ROYAL INFIRMARY  MANCHESTER,GB-ENG,B,0
RMF01,ROYAL PRESTON HOSPITAL,GB-ENG,B,0
RNA03,RUSSELLS HALL HOSPITAL,GB-ENG,F,0
RNJ00,BARTS AND THE LONDON HOSPITAL,GB-ENG,H,0
RNX02,OXFORD RADCLIFFE HOSPITAL,GB-ENG,J,0
RP4,GREAT ORMOND STREET HOSPITAL FOR CHILDREN,GB-ENG,H,1
RP5,DONCASTER ROYAL INFIRMARY,GB-ENG,D,0
RQ3,BIRMINGHAM CHILDRENS HOSPITAL,GB-ENG,A,1
RQ617,ROYAL LIVERPOOL UNIVERSITY HOSPITAL,GB-ENG,B,0
RQ8L0,BROOMFIELD HOSPITAL,GB-ENG,G,0
RQBAU,YSBYTY GWYNEDD,GB-WLS,W,0
RQHC7,MORRISTON HOSPITAL,GB-WLS,W,0
RQN02,HAMMERSMITH & CHARING CROSS HOSPITAL,GB-ENG,H,0
RQR13,ST JAMES'S UNIVERSITY HOSPITAL,GB-ENG,D,0
RQS01,Dummy,GB-ENG,,0
RRBBV,UNIVERSITY HOSPITAL OF WALES,GB-WLS,W,0
RRK02,QUEEN ELIZABETH HOSPITAL,GB-ENG,A,0
RTD01,FREEMAN HOSPITAL & ROYAL VICTORIA INFIRMARY,GB-ENG,A,0
RTD02,ROYAL VICTORIA INFIRMARY - PAEDIATRIC,GB-ENG,A,1
RVVKC,KENT & CANTERBURY HOSPITAL,GB-ENG,J,0
RW3RM,ROYAL MANCHESTER CHILDREN'S HOSPITAL,GB-ENG,B,1
RW402,UNIVERSITY HOSPITAL AINTREE,GB-ENG,B,0
RWM51,CHILDREN'S KIDNEY CENTRE - UHW,GB-WLS,W,1
SAC02,CROSSHOUSE HOSPITAL,GB-SCT,X,0
SFC01,QUEEN MARGARET'S HOSPITAL,GB-SCT,X,0
SGC02,ROYAL HOSPITAL FOR SICK CHILDREN,GB-SCT,X,1
SGC04,WESTERN INFIRMARY GLASGOW,GB-SCT,X,0
SGC05,GLASGOW ROYAL INFIRMARY & WESTERN INFIRMARY,GB-SCT,X,0
SHC01,RAIGMORE HOSPITAL,GB-SCT,X,0
SLC01,MONKLANDS HOSPITAL,GB-SCT,X,0
SNC01,ABERDEEN ROYAL INFIRMARY,GB-SCT,X,0
SSC02,ROYAL INFIRMARY OF EDINBURGH (NEW ROYAL),GB-SCT,X,0
STC01,NINEWELLS HOSPITAL,GB-SCT,X,0
SYC02,DUMFRIES & GALLOWAY ROYAL INFIRMARY,GB-SCT,X,0
