coding_standard,code,description,object_type,units,pkb_reference_range,pkb_comment
EDTA2,3754,Focal segmental glomerulosclerosis (FSGS) secondary to HIV,,,,
EDTA2,3765,Focal segmental glomerulosclerosis (FSGS) secondary to lithium,,,,
EDTA2,3777,Focal segmental glomerulosclerosis (FSGS) secondary to sickle cell,,,,
EDTA2,3783,Renal papillary necrosis caused by diabetes,,,,
EDTA2,3796,Renal papillary necrosis caused by analgesics,,,,
EDTA2,3806,Renal papillary necrosis caused by sickle cell,,,,
EDTA2,3810,Kidney stones due to ARPT deficiency,,,,
EDTA2,3823,Infiltration by lymphoma - histologically proven,,,,
EDTA2,3834,Nephropathy due to pre- eclampsia,,,,
EDTA2,3847,Systemic vasculitis - ANCA negative - no histology,,,,
EDTA2,3852,Systemic vasculitis - ANCA positive - histologically proven,,,,
