facilitycode,facilitycodestd,facilitytype,pkbout,pkbmsgexclusions,ukrdcoutpkb,pvoutpkb,startdate,enddate,firstdataquarter,pkboutstartdate,radar_out,enabled_radar_extracts
11021,RR1+,Adult Renal Centre,False,,False,False,,,,,False,
11023,RR1+,Paediatric Renal Centre,False,,False,False,,,,,False,
2020,RR1+,Adult Renal Centre,True,,False,True,,,,,False,
24027,RR1+,Adult Renal Centre,True,,False,True,,,,,False,
33020,RR1+,Adult Renal Centre,True,,False,True,,,,,False,
45020,RR1+,Adult Renal Centre,True,,False,True,,,,,False,
45021,RR1+,Adult Renal Centre,False,,False,False,,,,,False,
48021,RR1+,Adult Renal Centre,True,,False,True,,,,,False,
7021,RR1+,Adult Renal Centre,False,,False,False,,,,,False,
7RM301,RR1+,Adult Renal Centre,False,,False,False,,,,,False,
88A713,RR1+,Adult Renal Centre,False,,False,False,,,,,False,
8A713,RR1+,Adult Renal Centre,False,,False,False,,,,,False,
8CJ06,RR1+,Adult Renal Centre,False,,False,False,,,93,,False,
8RA911,RR1+,Adult Renal Centre,False,,False,False,,,,,False,
8RAL01,RR1+,Adult Renal Centre,False,,False,False,,,,,False,
8RJ121,RR1+,Adult Renal Centre,False,,False,False,,,116,,False,
8TAF,RR1+,Adult Renal Centre,False,,False,False,,,,,False,
96RRK02,RR1+,Adult Renal Centre,False,,False,False,,,,,False,
97RRK02,RR1+,Adult Renal Centre,False,,False,False,,,,,False,
97TAF,RR1+,Adult Renal Centre,False,,False,False,,,,,False,
98A713,RR1+,Adult Renal Centre,False,,False,False,,,,,False,
98CJ06,RR1+,Adult Renal Centre,False,,False,False,,,,,False,
98D917,RR1+,Adult Renal Centre,False,,False,False,,,,,False,
98RAZ,RR1+,Adult Renal Centre,False,,False,False,,,,,False,
98RBK,RR1+,Adult Renal Centre,False,,False,False,,,,,False,
98RFBAK,RR1+,Adult Renal Centre,False,,False,False,,,,,False,
98RJ701,RR1+,Adult Renal Centre,False,,False,False,,,,,False,
98RJZ,RR1+,Adult Renal Centre,False,,False,False,,,49,,False,
98RQY,RR1+,Adult Renal Centre,False,,False,False,,,,,False,
98RRBBV,RR1+,Adult Renal Centre,False,,False,False,,,,,False,
98RRK02,RR1+,Adult Renal Centre,False,,False,False,,,,,False,
98TAF,RR1+,Adult Renal Centre,False,,False,False,,,,,False,
99RAZ,RR1+,Adult Renal Centre,False,,False,False,,,,,False,
99RBK,RR1+,Adult Renal Centre,False,,False,False,,,115,,False,
99RCSLB,RR1+,Paediatric Renal Centre,False,,False,False,,,,,False,
99RFBAK,RR1+,Adult Renal Centre,False,,False,False,,,,,False,
99RHU02,RR1+,Adult Renal Centre,False,,False,False,,,,,False,
99RJ121,RR1+,Adult Renal Centre,False,,False,False,,,116,,False,
99RJ701,RR1+,Adult Renal Centre,False,,False,False,,,,,False,
99RJZ,RR1+,Adult Renal Centre,False,,False,False,,,49,,False,
99RQR13,RR1+,Paediatric Renal Centre,True,,False,True,,,,,False,
99RRBBV,RR1+,Adult Renal Centre,False,,False,False,,,,,False,
99RRK02,RR1+,Adult Renal Centre,False,,False,False,,,,,False,
99RXX,RR1+,Adult Renal Centre,False,,False,False,,,,,False,
9IOM,RR1+,Adult Renal Centre,False,,False,False,,,,,False,
9RA743,RR1+,Adult Renal Centre,False,,False,False,,,,,False,
9RA911,RR1+,Adult Renal Centre,False,,False,False,,,121,,False,
9RAE05,RR1+,Adult Renal Centre,False,,False,False,,,,,False,
9RAL01,RR1+,Adult Renal Centre,True,,False,True,,,,,False,
9RAZ,RR1+,Adult Renal Centre,False,,False,False,,,,,False,
9RB712,RR1+,Adult Renal Centre,False,,False,False,,,,,False,
9RBD01,RR1+,Adult Renal Centre,False,,False,False,,,,,False,
9RBK,RR1+,Adult Renal Centre,False,,False,False,,,115,,False,
9RBN01,RR1+,Adult Renal Centre,True,,False,True,,,,,False,
9RCF31,RR1+,Adult Renal Centre,False,,False,False,,,,,False,
9RCJAT,RR1+,Adult Renal Centre,False,,False,False,,,,,False,
9RCSLB,RR1+,Adult Renal Centre,False,,False,False,,,112,,False,
9REE01,RR1+,Adult Renal Centre,False,,False,False,,,,,False,
9RF201,RR1+,Adult Renal Centre,False,,False,False,,,,,False,
9RFBAK,RR1+,Adult Renal Centre,False,,False,False,,,,,False,
9RFU,RR1+,Adult Renal Centre,False,,False,False,,,107,,False,
9RH01,RR1+,Adult Renal Centre,False,,False,False,,,,,False,
9RH02,RR1+,Adult Renal Centre,False,,False,False,,,,,False,
9RH03,RR1+,Adult Renal Centre,False,,False,False,,,,,False,
9RH05,RR1+,Adult Renal Centre,False,,False,False,,,,,False,
9RH06,RR1+,Adult Renal Centre,False,,False,False,,,121,,False,
9RH108,RR1+,Adult Renal Centre,False,,False,False,,,106,,False,
9RH641,RR1+,Adult Renal Centre,False,,False,False,,,,,False,
9RHU0,RR1+,Adult Renal Centre,False,,False,False,,,,,False,
9RJ121,RR1+,Adult Renal Centre,False,,False,False,,,,,False,
9RJ701,RR1+,Adult Renal Centre,False,,False,False,,,,,False,
9RJ866,RR1+,Adult Renal Centre,False,,False,False,,,,,False,
9RJH01,RR1+,Adult Renal Centre,False,,False,False,,,,,False,
9RJR0,RR1+,Adult Renal Centre,False,,False,False,,,,,False,
9RJZ,RR1+,Adult Renal Centre,False,,False,False,,,49,,False,
9RK7CC,RR1+,Adult Renal Centre,False,,False,False,,,112,,False,
9RKD,RR1+,Adult Renal Centre,False,,False,False,,,,,False,
9RL403,RR1+,Adult Renal Centre,False,,False,False,,,,,False,
9RLNGH,RR1+,Adult Renal Centre,False,,False,False,,,,,False,
9RLQ02,RR1+,Adult Renal Centre,False,,False,False,,,,,False,
9RM301,RR1+,Adult Renal Centre,False,,False,False,,,,,False,
9RN506,RR1+,Adult Renal Centre,False,,False,False,,,,,False,
9RNA,RR1+,Adult Renal Centre,False,,False,False,,,,,False,
9RNA2,RR1+,Adult Renal Centre,False,,False,False,,,,,False,
9RNA3,RR1+,Adult Renal Centre,False,,False,False,,,,,False,
9RNG2,RR1+,Adult Renal Centre,False,,False,False,,,,,False,
9RNS15,RR1+,Adult Renal Centre,False,,False,False,,,,,False,
9RP7LA,RR1+,Adult Renal Centre,False,,False,False,,,,,False,
9RPD01,RR1+,Adult Renal Centre,False,,False,False,,,116,,False,
9RQ8L0,RR1+,Adult Renal Centre,False,,False,False,,,,,False,
9RQBAU,RR1+,Adult Renal Centre,False,,False,False,,,,,False,
9RQR13,RR1+,Adult Renal Centre,False,,False,False,,,,,False,
9RQR14,RR1+,Adult Renal Centre,False,,False,False,,,,,False,
9RQS1,RR1+,Adult Renal Centre,False,,False,False,,,,,False,
9RQY,RR1+,Adult Renal Centre,False,,False,False,,,,,False,
9RRBBV,RR1+,Adult Renal Centre,False,,False,False,,,,,False,
9RRK02,RR1+,Adult Renal Centre,False,,False,False,,,,,False,
9RTP02,RR1+,Adult Renal Centre,False,,False,False,,,,,False,
9RTQ,RR1+,Adult Renal Centre,False,,False,False,,,,,False,
9RVEB1,RR1+,Adult Renal Centre,False,,False,False,,,,,False,
9RVJ21,RR1+,Adult Renal Centre,False,,False,False,,,,,False,
9RW,RR1+,Adult Renal Centre,False,,False,False,,,,,False,
9RW402,RR1+,Adult Renal Centre,True,,False,True,,,,,False,
990,RR1+,Other,False,,False,False,,,,,False,
9RWD,RR1+,Adult Renal Centre,False,,False,False,,,,,False,
9RWDLB,RR1+,Adult Renal Centre,False,,False,False,,,,,False,
9RWJ,RR1+,Adult Renal Centre,False,,False,False,,,111,,False,
9RWP31,RR1+,Adult Renal Centre,False,,False,False,,,,,False,
9RWX,RR1+,Adult Renal Centre,False,,False,False,,,106,,False,
9RXV06,RR1+,Adult Renal Centre,False,,False,False,,,,,False,
9RXX,RR1+,Adult Renal Centre,False,,False,False,,,,,False,
9TAF,RR1+,Adult Renal Centre,False,,False,False,,,,,False,
ABROAD,RR1+,Other,False,,False,False,,,,,False,
DEMO,RR1+,Other,False,,False,False,,,,,False,
MV101,RR1+,Adult Renal Centre,False,,False,False,,,,,False,
NHSWLS,RR1+,Multiple Centre,True,"[""ZTM""]",False,True,,,,,False,
R1G55,RR1+,Adult Renal Centre,False,,False,False,,,,,False,
RA301,RR1+,Adult Renal Centre,False,,False,False,,,,,False,
RA723,RR1+,Paediatric Renal Centre,True,,False,True,,,120,,False,
RA911,RR1+,Adult Renal Centre,False,,False,False,,,,,False,
RADAR,RR1+,Adult Renal Centre,False,,False,False,,,,,False,
RAE01,RR1+,Adult Renal Centre,False,,False,False,,,,,False,
RAE05,RR1+,Adult Renal Centre,True,,False,True,,,,,False,
RAJ,RR1+,Adult Renal Centre,True,,True,True,2023-03-08 14:24:00.3,,32,,False,
RAJ01,RR1+,Adult Renal Centre,False,,False,False,,,78,,False,
RAJ12,RR1+,Adult Renal Centre,False,,False,False,,,,,False,
RDDH0,RR1+,Adult Renal Centre,False,,False,False,,,,,False,
RDDH1,RR1+,Adult Renal Centre,False,,False,False,,,,,False,
RQ8L0,RR1+,Adult Renal Centre,False,,False,False,,,,,False,
RAJ20,RR1+,Adult Renal Centre,False,,False,False,,,,,False,
RAJ32,RR1+,Adult Renal Centre,False,,False,False,,,,,False,
RAL01,RR1+,Adult Renal Centre,True,,False,True,,,120,,False,
RAPNM,RR1+,Adult Renal Centre,False,,False,False,,,,,False,
RAQ01,RR1+,Adult Renal Centre,True,,False,True,2024-12-12 23:30:30.487,,66,,False,
RAU31,RR1+,Adult Renal Centre,False,,False,False,,,,,False,
RAZ,RR1+,Adult Renal Centre,True,,False,True,,,,,False,
RBBP3,RR1+,Adult Renal Centre,False,,False,False,,,,,False,
RBD01,RR1+,Adult Renal Centre,True,,False,True,2025-09-26 12:01:33.243,,119,,False,
RBF33,RR1+,Adult Renal Centre,False,,False,False,,,,,False,
RBH14,RR1+,Adult Renal Centre,False,,False,False,,,116,,False,
RBK02,RR1+,Adult Renal Centre,True,,False,True,,,115,,False,
RBL14,RR1+,Adult Renal Centre,True,,False,True,,,,,False,
RBL20,RR1+,Adult Renal Centre,True,,False,True,,,,,False,
RBN01,RR1+,Adult Renal Centre,False,,False,False,,,,,False,
RBN63,RR1+,Adult Renal Centre,True,,False,True,,,,,False,
RBS25,RR1+,Paediatric Renal Centre,True,,False,True,,,,,False,
RBT20,RR1+,Adult Renal Centre,True,,False,True,2025-04-08 20:01:03.719,,112,,False,
RBZ16,RR1+,Adult Renal Centre,True,,False,True,,,,,False,
RBZ19,RR1+,Adult Renal Centre,True,,False,True,,,,,False,
RC368,RR1+,Adult Renal Centre,True,,False,True,,,,,False,
RC971,RR1+,Adult Renal Centre,True,,False,True,,,93,,False,
RCB23,RR1+,Adult Renal Centre,True,,False,True,,,,,False,
RCB55,RR1+,Adult Renal Centre,True,,False,True,,,,,False,
RCC25,RR1+,Adult Renal Centre,False,,False,False,,,,,False,
RCD35,RR1+,Adult Renal Centre,False,,False,False,,,,,False,
RCF31,RR1+,Adult Renal Centre,False,,False,False,,,,,False,
RCJAT,RR1+,Adult Renal Centre,True,,False,True,,,,,False,
RCSLB,RR1+,Adult Renal Centre,True,,False,True,2024-10-16 08:06:18.733,,112,,False,
RCX01,RR1+,Adult Renal Centre,False,,False,False,,,,,False,
RCY03,RR1+,Adult Renal Centre,False,,False,False,,,,,False,
RD1,RR1+,Adult Renal Centre,False,,False,False,,,,,False,
RD816,RR1+,Adult Renal Centre,False,,False,False,,,,,False,
RDA03,RR1+,Adult Renal Centre,False,,False,False,,,,,False,
RDDH0,RR1+,Adult Renal Centre,False,,False,False,,,,,False,
RDDH1,RR1+,Adult Renal Centre,True,,False,True,,,,,False,
RDEE4,RR1+,Adult Renal Centre,True,,False,True,2025-06-27 10:30:31.75,,115,,False,
RDM03,RR1+,Adult Renal Centre,False,,False,False,,,,,False,
RDZ00,RR1+,Adult Renal Centre,True,,False,True,,,120,,False,
RDZ15,RR1+,Adult Renal Centre,True,,False,True,,,,,False,
RE5BW,RR1+,Adult Renal Centre,True,,False,True,,,,,False,
RE7CB,RR1+,Adult Renal Centre,True,,False,True,,,,,False,
RE9GA,RR1+,Adult Renal Centre,True,,False,True,,,,,False,
REE01,RR1+,Adult Renal Centre,True,,False,True,,,119,,False,
REF01,RR1+,Adult Renal Centre,True,,False,True,,,,,False,
REF12,RR1+,Adult Renal Centre,True,,False,True,,,,,False,
REFWW,RR1+,Adult Renal Centre,True,,False,True,,,,,False,
REM26,RR1+,Adult Renal Centre,True,,False,True,,,,,False,
REP17,RR1+,Adult Renal Centre,False,,False,False,,,,,False,
RES01,RR1+,Adult Renal Centre,False,,False,False,,,,,False,
RES05,RR1+,Adult Renal Centre,False,,False,False,,,,,False,
REZ02,RR1+,Adult Renal Centre,False,,False,False,,,,,False,
RF201,RR1+,Adult Renal Centre,True,,False,True,,,,,False,
RF4HA,RR1+,Adult Renal Centre,True,,False,True,,,,,False,
RF832,RR1+,Adult Renal Centre,True,,False,True,,,,,False,
RF8FC,RR1+,Adult Renal Centre,True,,False,True,,,,,False,
RFBAK,RR1+,Adult Renal Centre,True,,False,True,,,,,False,
P7U2H,RR1+,Adult Renal Centre,True,,False,True,,,,,False,
RFBAT,RR1+,Adult Renal Centre,True,,False,True,,,,,False,
RFHFG,RR1+,Adult Renal Centre,True,,False,True,,,,,False,
RFJBC,RR1+,Adult Renal Centre,True,,False,True,,,112,,False,
RFPFG,RR1+,Adult Renal Centre,True,,False,True,,,,,False,
RFRAA,RR1+,Adult Renal Centre,True,,False,True,,,112,,False,
RFRPA,RR1+,Adult Renal Centre,True,,False,True,,,112,,False,
RFSDA,RR1+,Adult Renal Centre,True,,False,True,,,112,,False,
RFW01,RR1+,Adult Renal Centre,True,,False,True,,,,,False,
RFZ20,RR1+,Adult Renal Centre,True,,False,True,,,,,False,
RG222,RR1+,Adult Renal Centre,True,,False,True,,,61,,False,
RG224,RR1+,Adult Renal Centre,True,,False,True,,,61,,False,
RG303A,RR1+,Adult Renal Centre,True,,False,True,,,,,False,
RGA02,RR1+,Adult Renal Centre,True,,False,True,,,,,False,
RGB04,RR1+,Adult Renal Centre,True,,False,True,,,,,False,
RGCKJ,RR1+,Adult Renal Centre,True,,False,True,,,,,False,
RGE01,RR1+,Adult Renal Centre,True,,False,True,,,,,False,
RGN,RR1+,Adult Renal Centre,True,,False,True,,,,,False,
RGP75,RR1+,Adult Renal Centre,True,,False,True,,,,,False,
RGQ02,RR1+,Adult Renal Centre,True,,False,True,,,,,False,
RGQ03,RR1+,Adult Renal Centre,True,,False,True,,,,,False,
RGR50,RR1+,Adult Renal Centre,True,,False,True,,,,,False,
RGT01,RR1+,Adult Renal Centre,True,,False,True,,,113,,False,
PV,RR1+,Other,True,,False,True,,,,,False,
CEN1,RR1+,Other,True,,False,True,,,,,False,
RGU01,RR1+,Adult Renal Centre,True,,False,True,,,,,False,
RH641,RR1+,Adult Renal Centre,True,,False,True,,,,,False,
RH8,RR1+,Adult Renal Centre,True,,False,True,2025-03-30 11:48:52.502,,119,,False,
RH801,RR1+,Adult Renal Centre,True,,False,True,,,,,False,
RH802,RR1+,Adult Renal Centre,True,,False,True,,,121,,False,
RH840,RR1+,Adult Renal Centre,True,,False,True,,,,,False,
RH8G3,RR1+,Adult Renal Centre,True,,False,True,,,121,,False,
RHANN,RR1+,Adult Renal Centre,True,,False,True,,,112,,False,
RHBR6,RR1+,Adult Renal Centre,True,,False,True,,,,,False,
RHM01,RR1+,Adult Renal Centre,True,,False,True,,,,,False,
RHM02,RR1+,Adult Renal Centre,True,,False,True,,,,,False,
RHS55,RR1+,Adult Renal Centre,True,,False,True,,,,,False,
RHU02,RR1+,Adult Renal Centre,True,,False,True,,,115,,False,
RHU03,RR1+,Adult Renal Centre,True,,False,True,,,120,,False,
RHW01,RR1+,Adult Renal Centre,True,,False,True,2024-10-23 23:30:31.109,,111,,False,
RJ121,RR1+,Adult Renal Centre,True,,False,True,2025-09-17 12:46:29.655,,116,,False,
RJ122,RR1+,Paediatric Renal Centre,True,,False,True,2025-09-17 12:47:03.142,,116,,False,
RJ2,RR1+,Adult Renal Centre,True,,False,True,,,,,False,
RJ224,RR1+,Adult Renal Centre,True,,False,True,,,93,,False,
RJ230,RR1+,Adult Renal Centre,True,,False,True,,,116,,False,
RJ501,RR1+,Adult Renal Centre,True,,False,True,,,,,False,
RJ50X,RR1+,Adult Renal Centre,True,,False,True,,,,,False,
RJ50Z,RR1+,Adult Renal Centre,True,,False,True,,,,,False,
RJ6,RR1+,Adult Renal Centre,True,,False,True,,,,,False,
RJ701,RR1+,Adult Renal Centre,True,,False,True,,,,,False,
RJ707,RR1+,Adult Renal Centre,True,,False,True,,,,,False,
RJ866,RR1+,Adult Renal Centre,True,,False,True,,,,,False,
RJE01,RR1+,Adult Renal Centre,True,,False,True,2025-06-12 14:15:02.747,,112,,False,
RJH01,RR1+,Adult Renal Centre,True,,False,True,,,,,False,
RJL,RR1+,Adult Renal Centre,True,,False,True,,,,,False,
RJN71,RR1+,Adult Renal Centre,True,,False,True,,,111,,False,
RJR01,RR1+,Adult Renal Centre,True,,False,True,,,,,False,
RJR05,RR1+,Adult Renal Centre,True,,False,True,,,,,False,
RJU01,RR1+,Adult Renal Centre,True,,False,True,,,,,False,
RJZ01,RR1+,Adult Renal Centre,True,,False,True,,,,,False,
RJZW,RR1+,Adult Renal Centre,True,,False,True,,,,,False,
RK7CC,RR1+,Adult Renal Centre,True,,False,True,2024-07-07 21:10:27.344,,112,,False,
RK950,RR1+,Adult Renal Centre,True,,False,True,,,120,,False,
RKB01,RR1+,Adult Renal Centre,True,,False,True,2025-03-30 12:50:59.915,,113,,False,
RKB02,RR1+,Adult Renal Centre,True,,False,True,,,,,False,
RKC81,RR1+,Adult Renal Centre,True,,False,True,,,,,False,
RKGA1,RR1+,Adult Renal Centre,True,"[""ADT_A28""]",True,True,,,,,False,
RKHA4,RR1+,Adult Renal Centre,True,"[""ADT_A28""]",True,True,,,115,,False,
RKM,RR1+,Adult Renal Centre,True,,False,True,,,,,False,
RKTAG,RR1+,Adult Renal Centre,True,,False,True,,,,,False,
RKUAJ,RR1+,Adult Renal Centre,True,,False,True,,,,,False,
RKZDA,RR1+,Adult Renal Centre,True,,False,True,,,,,False,
RL109,RR1+,Adult Renal Centre,True,,False,True,,,,,False,
RL301,RR1+,Adult Renal Centre,True,,False,True,,,,,False,
RL403,RR1+,Adult Renal Centre,True,,False,True,2025-07-02 19:00:31.208,,115,,False,
RL7,RR1+,Adult Renal Centre,True,,False,True,,,,,False,
RL701,RR1+,Adult Renal Centre,True,,False,True,,,,,False,
RLBCH,RR1+,Adult Renal Centre,True,,False,True,,,,,False,
RLE,RR1+,Adult Renal Centre,True,,False,True,,,,,False,
RLGAY,RR1+,Adult Renal Centre,True,,False,True,,,,,False,
RLNGH,RR1+,Adult Renal Centre,True,,False,True,,,,,False,
RLQ02,RR1+,Adult Renal Centre,True,,False,True,,,,,False,
RLW01,RR1+,Adult Renal Centre,True,,False,True,,,,,False,
RLZ01,RR1+,Adult Renal Centre,True,,False,True,2025-04-08 21:13:15.081,,115,,False,
RM102,RR1+,Adult Renal Centre,True,,False,True,,,114,,False,
RM131,RR1+,Adult Renal Centre,True,,False,True,,,,,False,
RM202,RR1+,Adult Renal Centre,True,,False,True,,,,,False,
RM3,RR1+,Adult Renal Centre,True,,False,True,,,,,False,
RM301,RR1+,Adult Renal Centre,True,,False,True,,,,,False,
RM403,RR1+,Adult Renal Centre,True,,False,True,,,111,,False,
RM574,RR1+,Adult Renal Centre,True,,False,True,2025-06-04 08:43:18.634,,2,,False,
RMB05,RR1+,Adult Renal Centre,True,,False,True,,,,,False,
RMC00,RR1+,Adult Renal Centre,True,,False,True,,,,,False,
RMF01,RR1+,Adult Renal Centre,True,,False,True,,,,,False,
RML03,RR1+,Adult Renal Centre,True,,False,True,,,,,False,
RMP01,RR1+,Adult Renal Centre,True,,False,True,,,111,,False,
RMW10,RR1+,Adult Renal Centre,True,,False,True,,,,,False,
RN506,RR1+,Adult Renal Centre,True,,False,True,,,,,False,
RN7,RR1+,Adult Renal Centre,True,,False,True,,,49,,False,
RN704,RR1+,Adult Renal Centre,True,,False,True,,,,,False,
RNA01,RR1+,Adult Renal Centre,True,,False,True,,,116,,False,
RNA03,RR1+,Adult Renal Centre,True,,False,True,,,,,False,
RNG10,RR1+,Adult Renal Centre,True,,False,True,,,,,False,
RNLBX,RR1+,Adult Renal Centre,True,,False,True,,,,,False,
RNQ51,RR1+,Adult Renal Centre,True,,False,True,,,,,False,
RNS15,RR1+,Adult Renal Centre,True,,False,True,,,,,False,
RNX02,RR1+,Adult Renal Centre,True,,False,True,2025-04-08 21:13:31.539,,112,,False,
RNZ02,RR1+,Adult Renal Centre,True,,False,True,,,,,False,
RP4,RR1+,Paediatric Renal Centre,True,,False,True,,,,,False,
RP5,RR1+,Adult Renal Centre,True,,False,True,,,113,,False,
RP5BA,RR1+,Adult Renal Centre,True,,False,True,,,,,False,
RP5MM,RR1+,Adult Renal Centre,True,,False,True,,,,,False,
RPA,RR1+,Adult Renal Centre,True,,False,True,,,,,False,
RPC20,RR1+,Adult Renal Centre,True,,False,True,,,,,False,
RPD01,RR1+,Adult Renal Centre,True,,False,True,,,,,False,
RPG04,RR1+,Adult Renal Centre,True,,False,True,,,,,False,
RPK40,RR1+,Adult Renal Centre,True,,False,True,,,,,False,
RPL04,RR1+,Adult Renal Centre,True,,False,True,,,,,False,
RPW02,RR1+,Adult Renal Centre,True,,False,True,,,66,,False,
RQ3,RR1+,Paediatric Renal Centre,True,,False,True,,,,,False,
RQ503,RR1+,Adult Renal Centre,True,,False,True,,,,,False,
RQ601,RR1+,Adult Renal Centre,True,,False,True,,,,,False,
RQ617,RR1+,Adult Renal Centre,True,,False,True,,,115,,False,
RQ8L0,RR1+,Adult Renal Centre,True,,False,True,,,,,False,
RQ8LJ,RR1+,Adult Renal Centre,True,,False,True,,,,,False,
RQAAM,RR1+,Adult Renal Centre,True,,False,True,,,,,False,
RQBAU,RR1+,Adult Renal Centre,True,"[""ADT_A28""]",True,True,,,,,False,
RQHC7,RR1+,Adult Renal Centre,True,"[""ADT_A28""]",True,True,,,,,False,
RQN01,RR1+,Adult Renal Centre,True,,False,True,,,,,False,
RQN02,RR1+,Adult Renal Centre,True,,False,True,,,113,,False,
RQQ31,RR1+,Adult Renal Centre,True,,False,True,,,,,False,
RQR13,RR1+,Adult Renal Centre,True,,False,True,,,,,False,
RQR14,RR1+,Adult Renal Centre,True,,False,True,,,,,False,
RQS01,RR1+,Adult Renal Centre,True,,False,True,,,,,False,
RQV00,RR1+,Adult Renal Centre,True,,False,True,,,,,False,
RQW,RR1+,Adult Renal Centre,True,,False,True,,,112,,False,
RQWG0,RR1+,Adult Renal Centre,True,,False,True,,,,,False,
RQZ03,RR1+,Adult Renal Centre,True,,False,True,,,,,False,
RR201,RR1+,Adult Renal Centre,True,,False,True,,,,,False,
RR6BL,RR1+,Adult Renal Centre,True,,False,True,,,,,False,
RR803,RR1+,Adult Renal Centre,True,,False,True,,,,,False,
RR9,RR1+,Adult Renal Centre,True,,False,True,,,,,False,
RRBBV,RR1+,Adult Renal Centre,True,"[""ADT_A28""]",True,True,,,115,,False,
RRBBW,RR1+,Adult Renal Centre,True,,False,True,,,,,False,
RRBH4,RR1+,Adult Renal Centre,True,,False,True,,,,,False,
RRE01,RR1+,Adult Renal Centre,True,,False,True,2025-04-08 21:13:37.477,,,,False,
RRE14,RR1+,Adult Renal Centre,True,,False,True,,,116,,False,
RRK02,RR1+,Adult Renal Centre,True,,False,True,2025-04-08 21:19:38.705,,115,,False,
RRK04,RR1+,Adult Renal Centre,True,,False,True,,,,,False,
RRS,RR1+,Adult Renal Centre,True,,False,True,,,,,False,
RT5DC,RR1+,Adult Renal Centre,True,,False,True,,,,,False,
RTD01,RR1+,Adult Renal Centre,True,,False,True,,,,,False,
RTD02,RR1+,Paediatric Renal Centre,True,,False,True,,,,,False,
RTD03,RR1+,Adult Renal Centre,True,,False,True,,,,,False,
RTF67,RR1+,Adult Renal Centre,True,,False,True,,,,,False,
RTJ,RR1+,Adult Renal Centre,True,,False,True,,,,,False,
RTK02,RR1+,Adult Renal Centre,True,,False,True,,,,,False,
RTP02,RR1+,Adult Renal Centre,True,,False,True,,,,,False,
RTRNT,RR1+,Adult Renal Centre,True,,False,True,,,,,False,
RVL01,RR1+,Adult Renal Centre,True,,False,True,,,,,False,
RVL07,RR1+,Adult Renal Centre,True,,False,True,,,,,False,
RVNCA,RR1+,Adult Renal Centre,True,,False,True,,,,,False,
RVV11,RR1+,Adult Renal Centre,True,,False,True,,,,,False,
RVV20,RR1+,Adult Renal Centre,True,,False,True,,,,,False,
RVVKC,RR1+,Adult Renal Centre,True,,False,True,,,,,False,
RVVMA,RR1+,Adult Renal Centre,True,,False,True,,,,,False,
RVWAA,RR1+,Adult Renal Centre,True,,False,True,,,,,False,
RVY01,RR1+,Adult Renal Centre,True,,False,True,,,,,False,
RW3RM,RR1+,Paediatric Renal Centre,True,,False,True,,,111,,False,
RW402,RR1+,Adult Renal Centre,True,,False,True,,,,,False,
RW5CA,RR1+,Adult Renal Centre,True,,False,True,,,,,False,
RW602,RR1+,Adult Renal Centre,True,,False,True,,,,,False,
RWG02,RR1+,Adult Renal Centre,True,,False,True,,,,,False,
RWL25,RR1+,Adult Renal Centre,True,,False,True,,,,,False,
RWM51,RR1+,Paediatric Renal Centre,True,,False,True,,,,,False,
RWP31,RR1+,Adult Renal Centre,True,,False,True,,,,,False,
RX1RA,RR1+,Adult Renal Centre,True,,False,True,,,112,,False,
RXC02,RR1+,Adult Renal Centre,True,,False,True,,,,,False,
RXF03,RR1+,Adult Renal Centre,True,,False,True,,,,,False,
RXJ01,RR1+,Adult Renal Centre,True,,False,True,,,,,False,
RXJ06,RR1+,Adult Renal Centre,True,,False,True,,,,,False,
RXL06,RR1+,Adult Renal Centre,True,,False,True,,,,,False,
RXM56,RR1+,Adult Renal Centre,True,,False,True,,,113,,False,
RXQ02,RR1+,Adult Renal Centre,True,,False,True,,,,,False,
RXQ50,RR1+,Adult Renal Centre,True,,False,True,,,,,False,
RXR01,RR1+,Adult Renal Centre,True,,False,True,,,,,False,
RXWAT,RR1+,Adult Renal Centre,True,,False,True,,,115,,False,
SAC02,RR1+,Adult Renal Centre,True,,False,True,,,,,False,
SFC01,RR1+,Adult Renal Centre,True,,False,True,,,,,False,
SGC02,RR1+,Paediatric Renal Centre,True,,False,True,,,,,False,
SGC04,RR1+,Adult Renal Centre,True,,False,True,,,,,False,
SHC01,RR1+,Adult Renal Centre,True,,False,True,,,,,False,
SLC01,RR1+,Adult Renal Centre,True,,False,True,,,,,False,
SNC01,RR1+,Adult Renal Centre,True,,False,True,,,,,False,
SSC02,RR1+,Adult Renal Centre,True,,False,True,,,,,False,
SSC04,RR1+,Adult Renal Centre,True,,False,True,,,,,False,
STC01,RR1+,Adult Renal Centre,True,,False,True,,,,,False,
SYC02,RR1+,Adult Renal Centre,True,,False,True,,,,,False,
TAF21,RR1+,Adult Renal Centre,True,,False,True,,,116,,False,
XXX01,RR1+,Other,True,,False,True,,,,,False,
XXX03,RR1+,Other,True,,False,True,,,,,False,
RJZ,RR1+,Adult Renal Centre,True,,False,True,,,,,False,
RJZ_OLD,RR1+,Adult Renal Centre,True,,True,True,2020-02-13 04:30:20.877,2023-10-05 00:00:00,49,,False,
BHLY,RR1+,Multiple Centre,False,,False,False,,,,,False,
9RNJ00,RR1+,Adult Renal Centre,True,,False,True,,,,,False,
RF4DG,RR1+,Adult Renal Centre,True,,False,True,,,,,False,
RGCKH,RR1+,Adult Renal Centre,True,,False,True,,,,,False,
RGCNH,RR1+,Adult Renal Centre,True,,False,True,,,,,False,
RNJ00,RR1+,Adult Renal Centre,True,,True,True,2020-02-04 12:59:07.421,,49,,False,
999,RR1+,Other,True,,False,True,,,,,False,
995,RR1+,Other,True,,False,True,,,,,False,
3C,RR1+,Other,True,,False,True,,,,,False,
TRACING,RR1+,Other,True,,False,True,,,,,False,
GUERNSEY,RR1+,Other,True,,False,True,,,,,False,
ISLEMAN,RR1+,Other,True,,False,True,,,,,False,
JERSEY,RR1+,Other,True,,False,True,,,,,False,
PRIVATE,RR1+,Other,True,,False,True,,,,,False,
RNS,RR1+,Adult Renal Centre,False,,False,False,,,,,False,
RGN90,RR1+,Adult Renal Centre,False,,False,False,,,,,False,
PHOS,RR1+,Other,False,,False,False,,,,,False,
SIMP,RR1+,Other,False,,False,False,,,,,False,
99RHM01,RR1+,Paediatric Renal Centre,False,,False,False,,,,,False,
M5O5A,RR1+,Adult Renal Centre,False,,False,False,,,,,False,
O0J8Z,RR1+,Adult Renal Centre,False,,False,False,,,,,False,
O2Q9P,RR1+,Adult Renal Centre,False,,False,False,,,,,False,
R7Y4J,RR1+,Adult Renal Centre,False,,False,False,,,,,False,
RH854,RR1+,Adult Renal Centre,False,,False,False,,,,,False,
RH875,RR1+,Adult Renal Centre,False,,False,False,,,,,False,
RH879,RR1+,Adult Renal Centre,False,,False,False,,,,,False,
RH88,RR1+,Adult Renal Centre,False,,False,False,,,,,False,
RHW05,RR1+,Adult Renal Centre,False,,False,False,,,,,False,
RJC03,RR1+,Adult Renal Centre,False,,False,False,,,,,False,
RJC46,RR1+,Adult Renal Centre,False,,False,False,,,,,False,
RJE55,RR1+,Adult Renal Centre,False,,False,False,,,,,False,
RKB03,RR1+,Adult Renal Centre,False,,False,False,,,,,False,
RKB15,RR1+,Adult Renal Centre,False,,False,False,,,,,False,
RM12K,RR1+,Adult Renal Centre,False,,False,False,,,,,False,
RM574HEX,RR1+,Adult Renal Centre,False,,False,False,,,,,False,
RM574OCT,RR1+,Adult Renal Centre,False,,False,False,,,,,False,
RTG05,RR1+,Adult Renal Centre,False,,False,False,,,,,False,
RTG54,RR1+,Adult Renal Centre,False,,False,False,,,,,False,
RTR45,RR1+,Adult Renal Centre,False,,False,False,,,,,False,
RTVA1,RR1+,Adult Renal Centre,False,,False,False,,,,,False,
